<?xml version="1.0" standalone="no" ?>
<manifest identifier="au.com.stals.unity-scorm-integration-kit" version="1"
		xmlns = "http://www.imsglobal.org/xsd/imscp_v1p1"
		xmlns:adlcp = "http://www.adlnet.org/xsd/adlcp_v1p3"
		xmlns:adlseq = "http://www.adlnet.org/xsd/adlseq_v1p3"
		xmlns:adlnav = "http://www.adlnet.org/xsd/adlnav_v1p3"
		xmlns:imsss = "http://www.imsglobal.org/xsd/imsss"
		xmlns:xsi = "http://www.w3.org/2001/XMLSchema-instance"
		xmlns:lom="http://ltsc.ieee.org/xsd/LOM"
		xsi:schemaLocation = "http://www.imsglobal.org/xsd/imscp_v1p1 imscp_v1p1.xsd
			http://www.adlnet.org/xsd/adlcp_v1p3 adlcp_v1p3.xsd
			http://www.adlnet.org/xsd/adlseq_v1p3 adlseq_v1p3.xsd
			http://www.adlnet.org/xsd/adlnav_v1p3 adlnav_v1p3.xsd
			http://www.imsglobal.org/xsd/imsss imsss_v1p0.xsd
			http://ltsc.ieee.org/xsd/LOM lom.xsd" >
<metadata>
	<schema>ADL SCORM</schema>
	<schemaversion>2004 4th Edition</schemaversion>
<lom:lom>
	<lom:general>
		<lom:description>
			<lom:string language="en-US">An application that allows you to test the various functions of your LMS in relation to SCORM</lom:string>
		</lom:description>
	</lom:general>
	</lom:lom>
</metadata>
<organizations default="B0">
	<organization identifier="B0" adlseq:objectivesGlobalToSystem="false">
		<title>Unity-SCORM Integration Kit</title>
		<item identifier="i1" identifierref="r1" isvisible="true">
			<title>Test App</title>
			<adlcp:timeLimitAction>continue,no message</adlcp:timeLimitAction>
			<adlcp:dataFromLMS>id=1;field2=42</adlcp:dataFromLMS> 
			<adlcp:completionThreshold completedByMeasure = "false" minProgressMeasure= "0" />
		</item>
		<imsss:sequencing id="SEQ01">
			<imsss:limitConditions attemptAbsoluteDurationLimit="P0DT0H3M0.00S"/>
		</imsss:sequencing>
	</organization>
</organizations>
<resources>
	<resource identifier="r1" type="webcontent" adlcp:scormType="sco" href="Unity-SCORM-Integration-Kit.html">
		<file href="Unity-SCORM-Integration-Kit.html" />
		<file href="scripts/scorm.js" />
		<file href="scripts/ScormSimulator.js" />
		<file href="Unity-SCORM-Integration-Kit.unity3d" />
	</resource>
</resources>
</manifest>